unit_id,is_defective,iso_risk_score,iso_prediction,risk_tier
UNIT_00195207,1,100.07044323946016,1,Block
UNIT_00198286,1,99.37663350950731,1,Block
UNIT_00198785,1,98.41050822299195,1,Block
UNIT_00185425,1,98.34683481560222,1,Block
UNIT_00196131,1,97.64306547597621,1,Block
UNIT_00198115,1,97.40849000931817,1,Block
UNIT_00190060,1,96.66343965148204,1,Block
UNIT_00198457,1,96.08563763927005,1,Block
UNIT_00193904,1,96.04972901405552,1,Block
UNIT_00192667,1,95.60907553178122,1,Block
