{
  "optimal_threshold": 41.035184223787546,
  "flag_threshold": 70.51759211189378,
  "val_precision": 0.6976499473868818,
  "val_recall": 0.776953125,
  "val_f1": 0.7351690999316637
}