unit_id,is_defective,lgb_risk_score,lgb_prediction,risk_tier
UNIT_00192450,1,99.9999995691742,1,Block
UNIT_00188247,1,99.99999952010963,1,Block
UNIT_00190943,1,99.99999950883584,1,Block
UNIT_00191282,1,99.99999950820185,1,Block
UNIT_00191789,1,99.99999948064928,1,Block
UNIT_00190447,1,99.99999946871769,1,Block
UNIT_00194617,1,99.99999945094278,1,Block
UNIT_00186184,1,99.99999943174421,1,Block
UNIT_00187617,1,99.99999943046643,1,Block
UNIT_00197020,1,99.9999994111815,1,Block
